,Descriptors,Coeff
875,875,0.34
202,202,0.33
1160,1160,0.32
935,935,0.3
1747,1747,0.3
1920,1920,0.27
1390,1390,0.26
1873,1873,0.25
2009,2009,0.25
573,573,0.24
1518,1518,0.23
1683,1683,0.22
1750,1750,0.22
806,806,0.22
725,725,0.21
1702,1702,0.21
609,609,0.21
475,475,0.21
1263,1263,0.2
1662,1662,0.2
1954,1954,0.2
1181,1181,0.2
925,925,0.19
1955,1955,0.19
689,689,0.19
1235,1235,0.19
1803,1803,0.18
1793,1793,0.18
1413,1413,0.18
1380,1380,0.18
1010,1010,0.18
2011,2011,0.18
1192,1192,0.18
1848,1848,0.18
561,561,0.18
931,931,0.18
1743,1743,0.17
1107,1107,0.17
58,58,0.17
160,160,0.17
1435,1435,0.17
1416,1416,0.17
736,736,0.17
211,211,0.17
1284,1284,0.17
560,560,0.17
2025,2025,0.17
1504,1504,0.17
992,992,0.17
34,34,0.17
703,703,0.17
1152,1152,0.17
465,465,0.17
1854,1854,0.16
92,92,0.16
1088,1088,0.16
989,989,0.16
860,860,0.16
864,864,0.16
559,559,0.16
648,648,0.16
1409,1409,0.16
132,132,0.16
1964,1964,0.16
1493,1493,0.16
1821,1821,0.16
1291,1291,0.16
216,216,0.16
655,655,0.16
1637,1637,0.15
1264,1264,0.15
1285,1285,0.15
1574,1574,0.15
1844,1844,0.15
527,527,0.15
1454,1454,0.15
1918,1918,0.15
1530,1530,0.15
732,732,0.15
734,734,0.15
1542,1542,0.15
756,756,0.15
1132,1132,0.15
1172,1172,0.15
1936,1936,0.15
472,472,0.15
1993,1993,0.14
666,666,0.14
1817,1817,0.14
661,661,0.14
1127,1127,0.14
1114,1114,0.14
1279,1279,0.14
384,384,0.14
1464,1464,0.14
1056,1056,0.14
750,750,0.14
1825,1825,0.14
498,498,0.14
53,53,0.14
1712,1712,0.14
1301,1301,0.14
1661,1661,0.14
964,964,0.14
1295,1295,0.14
1345,1345,0.14
1405,1405,0.14
1334,1334,0.13
396,396,0.13
1899,1899,0.13
906,906,0.13
1146,1146,0.13
38,38,0.13
281,281,0.13
1131,1131,0.13
511,511,0.13
659,659,0.13
2017,2017,0.13
1234,1234,0.13
1437,1437,0.13
1879,1879,0.13
1527,1527,0.13
178,178,0.13
650,650,0.13
586,586,0.13
1374,1374,0.13
704,704,0.13
1631,1631,0.13
889,889,0.13
1907,1907,0.13
494,494,0.13
1278,1278,0.13
1756,1756,0.13
754,754,0.13
1329,1329,0.13
358,358,0.13
242,242,0.13
558,558,0.12
943,943,0.12
230,230,0.12
1591,1591,0.12
289,289,0.12
2002,2002,0.12
1997,1997,0.12
1578,1578,0.12
938,938,0.12
1467,1467,0.12
1754,1754,0.12
728,728,0.12
1355,1355,0.12
1765,1765,0.12
346,346,0.12
1753,1753,0.12
1967,1967,0.12
1222,1222,0.12
1901,1901,0.12
1016,1016,0.12
271,271,0.12
1912,1912,0.12
956,956,0.12
1199,1199,0.12
2039,2039,0.12
1577,1577,0.12
1735,1735,0.12
1245,1245,0.12
1442,1442,0.12
1640,1640,0.12
1602,1602,0.12
1061,1061,0.12
76,76,0.12
1059,1059,0.12
858,858,0.12
418,418,0.12
1663,1663,0.12
596,596,0.12
1625,1625,0.11
455,455,0.11
1471,1471,0.11
1785,1785,0.11
1281,1281,0.11
1806,1806,0.11
1170,1170,0.11
1269,1269,0.11
1445,1445,0.11
119,119,0.11
1697,1697,0.11
197,197,0.11
1976,1976,0.11
1632,1632,0.11
1807,1807,0.11
1208,1208,0.11
263,263,0.11
909,909,0.11
712,712,0.11
2044,2044,0.11
507,507,0.11
1867,1867,0.11
1647,1647,0.11
1032,1032,0.11
1098,1098,0.11
1680,1680,0.11
647,647,0.11
348,348,0.11
1054,1054,0.11
1583,1583,0.11
162,162,0.11
366,366,0.11
1820,1820,0.11
1588,1588,0.11
641,641,0.11
830,830,0.11
400,400,0.1
764,764,0.1
686,686,0.1
1357,1357,0.1
1159,1159,0.1
1415,1415,0.1
1776,1776,0.1
121,121,0.1
1586,1586,0.1
1025,1025,0.1
409,409,0.1
117,117,0.1
751,751,0.1
250,250,0.1
1669,1669,0.1
504,504,0.1
827,827,0.1
176,176,0.1
851,851,0.1
1693,1693,0.1
1074,1074,0.1
1676,1676,0.1
415,415,0.1
1983,1983,0.1
811,811,0.1
1710,1710,0.1
203,203,0.1
945,945,0.1
1124,1124,0.1
143,143,0.1
1391,1391,0.1
1984,1984,0.1
191,191,0.1
1970,1970,0.1
167,167,0.1
1617,1617,0.1
787,787,0.1
663,663,0.1
1253,1253,0.1
443,443,0.1
672,672,0.1
583,583,0.1
1371,1371,0.1
1052,1052,0.1
1787,1787,0.1
896,896,0.1
421,421,0.09
1299,1299,0.09
597,597,0.09
1246,1246,0.09
1333,1333,0.09
1352,1352,0.09
1381,1381,0.09
1917,1917,0.09
637,637,0.09
627,627,0.09
1473,1473,0.09
1963,1963,0.09
557,557,0.09
676,676,0.09
1914,1914,0.09
612,612,0.09
532,532,0.09
318,318,0.09
1382,1382,0.09
574,574,0.09
1209,1209,0.09
404,404,0.09
304,304,0.09
1427,1427,0.09
506,506,0.09
879,879,0.09
1158,1158,0.09
1000,1000,0.09
791,791,0.09
2000,2000,0.09
1671,1671,0.09
1878,1878,0.09
165,165,0.09
848,848,0.09
79,79,0.09
156,156,0.09
155,155,0.09
855,855,0.09
83,83,0.09
913,913,0.09
870,870,0.09
1070,1070,0.09
95,95,0.09
97,97,0.09
101,101,0.09
1624,1624,0.09
1886,1886,0.09
108,108,0.09
885,885,0.09
1063,1063,0.09
1157,1157,0.09
1634,1634,0.09
267,267,0.09
746,746,0.09
10,10,0.09
1545,1545,0.08
993,993,0.08
854,854,0.08
986,986,0.08
1349,1349,0.08
1039,1039,0.08
1510,1510,0.08
1237,1237,0.08
1659,1659,0.08
1862,1862,0.08
920,920,0.08
702,702,0.08
1093,1093,0.08
1667,1667,0.08
835,835,0.08
441,441,0.08
353,353,0.08
859,859,0.08
582,582,0.08
569,569,0.08
867,867,0.08
1982,1982,0.08
285,285,0.08
983,983,0.08
107,107,0.08
412,412,0.08
1626,1626,0.08
395,395,0.08
1337,1337,0.08
1533,1533,0.08
876,876,0.08
383,383,0.08
1718,1718,0.08
11,11,0.08
626,626,0.08
1189,1189,0.08
2034,2034,0.08
1101,1101,0.08
567,567,0.08
1350,1350,0.08
526,526,0.08
1495,1495,0.08
1694,1694,0.08
1358,1358,0.08
1221,1221,0.08
531,531,0.08
1212,1212,0.08
322,322,0.08
1153,1153,0.08
255,255,0.08
1227,1227,0.08
1946,1946,0.08
1478,1478,0.08
1009,1009,0.08
1692,1692,0.08
1568,1568,0.08
1991,1991,0.08
113,113,0.08
43,43,0.08
816,816,0.08
1015,1015,0.08
1302,1302,0.08
1874,1874,0.08
1688,1688,0.08
1033,1033,0.07
891,891,0.07
419,419,0.07
991,991,0.07
102,102,0.07
2042,2042,0.07
18,18,0.07
64,64,0.07
497,497,0.07
901,901,0.07
23,23,0.07
1695,1695,0.07
476,476,0.07
422,422,0.07
1719,1719,0.07
1310,1310,0.07
578,578,0.07
961,961,0.07
29,29,0.07
28,28,0.07
1715,1715,0.07
1306,1306,0.07
25,25,0.07
1305,1305,0.07
1928,1928,0.07
521,521,0.07
2037,2037,0.07
86,86,0.07
911,911,0.07
1332,1332,0.07
450,450,0.07
723,723,0.07
1347,1347,0.07
758,758,0.07
846,846,0.07
173,173,0.07
1462,1462,0.07
352,352,0.07
1584,1584,0.07
1182,1182,0.07
1988,1988,0.07
815,815,0.07
1179,1179,0.07
809,809,0.07
1546,1546,0.07
1766,1766,0.07
1203,1203,0.07
1142,1142,0.07
1231,1231,0.07
786,786,0.07
220,220,0.07
1772,1772,0.07
784,784,0.07
1162,1162,0.07
1748,1748,0.07
769,769,0.07
1486,1486,0.07
675,675,0.07
168,168,0.07
834,834,0.07
850,850,0.07
1079,1079,0.07
1419,1419,0.07
402,402,0.07
1270,1270,0.07
283,283,0.07
1068,1068,0.07
1812,1812,0.07
716,716,0.07
129,129,0.07
617,617,0.07
853,853,0.07
1888,1888,0.07
1731,1731,0.07
731,731,0.07
324,324,0.07
369,369,0.07
148,148,0.07
1251,1251,0.07
1734,1734,0.07
711,711,0.07
2015,2015,0.07
1823,1823,0.07
1320,1320,0.06
679,679,0.06
724,724,0.06
1339,1339,0.06
1190,1190,0.06
997,997,0.06
1177,1177,0.06
520,520,0.06
1868,1868,0.06
1185,1185,0.06
687,687,0.06
1183,1183,0.06
1909,1909,0.06
700,700,0.06
977,977,0.06
598,598,0.06
1318,1318,0.06
821,821,0.06
605,605,0.06
607,607,0.06
1268,1268,0.06
1926,1926,0.06
910,910,0.06
1258,1258,0.06
1855,1855,0.06
1248,1248,0.06
916,916,0.06
930,930,0.06
652,652,0.06
824,824,0.06
819,819,0.06
1003,1003,0.06
1020,1020,0.06
1118,1118,0.06
1233,1233,0.06
802,802,0.06
957,957,0.06
603,603,0.06
1012,1012,0.06
960,960,0.06
1303,1303,0.06
668,668,0.06
1800,1800,0.06
541,541,0.06
1138,1138,0.06
984,984,0.06
1686,1686,0.06
1690,1690,0.06
36,36,0.06
1490,1490,0.06
1610,1610,0.06
474,474,0.06
40,40,0.06
221,221,0.06
386,386,0.06
1538,1538,0.06
359,359,0.06
249,249,0.06
469,469,0.06
1784,1784,0.06
1576,1576,0.06
198,198,0.06
131,131,0.06
212,212,0.06
1622,1622,0.06
2024,2024,0.06
57,57,0.06
1670,1670,0.06
209,209,0.06
461,461,0.06
35,35,0.06
317,317,0.06
480,480,0.06
306,306,0.06
100,100,0.06
1418,1418,0.06
1417,1417,0.06
1519,1519,0.06
411,411,0.06
2045,2045,0.06
1451,1451,0.06
1698,1698,0.06
389,389,0.06
70,70,0.06
1708,1708,0.06
22,22,0.06
1607,1607,0.06
1499,1499,0.06
486,486,0.06
1408,1408,0.06
27,27,0.06
1950,1950,0.06
141,141,0.06
1439,1439,0.05
1134,1134,0.05
371,371,0.05
852,852,0.05
208,208,0.05
1999,1999,0.05
375,375,0.05
628,628,0.05
1109,1109,0.05
187,187,0.05
1567,1567,0.05
1580,1580,0.05
1589,1589,0.05
1841,1841,0.05
171,171,0.05
1140,1140,0.05
774,774,0.05
1835,1835,0.05
327,327,0.05
698,698,0.05
1205,1205,0.05
713,713,0.05
1905,1905,0.05
1524,1524,0.05
1529,1529,0.05
690,690,0.05
1987,1987,0.05
264,264,0.05
1220,1220,0.05
1975,1975,0.05
1224,1224,0.05
743,743,0.05
257,257,0.05
1178,1178,0.05
789,789,0.05
1916,1916,0.05
329,329,0.05
1972,1972,0.05
1230,1230,0.05
1477,1477,0.05
1554,1554,0.05
341,341,0.05
1511,1511,0.05
656,656,0.05
229,229,0.05
1150,1150,0.05
1559,1559,0.05
1148,1148,0.05
1566,1566,0.05
1096,1096,0.05
158,158,0.05
1086,1086,0.05
942,942,0.05
1644,1644,0.05
894,894,0.05
103,103,0.05
1649,1649,0.05
1049,1049,0.05
1853,1853,0.05
2033,2033,0.05
66,66,0.05
1858,1858,0.05
468,468,0.05
54,54,0.05
50,50,0.05
1023,1023,0.05
944,944,0.05
1932,1932,0.05
47,47,0.05
950,950,0.05
1361,1361,0.05
528,528,0.05
484,484,0.05
24,24,0.05
488,488,0.05
1937,1937,0.05
14,14,0.05
499,499,0.05
510,510,0.05
1338,1338,0.05
1700,1700,0.05
1385,1385,0.05
1947,1947,0.05
1978,1978,0.05
2010,2010,0.05
1929,1929,0.05
1847,1847,0.05
575,575,0.05
1075,1075,0.05
430,430,0.05
1287,1287,0.05
406,406,0.05
154,154,0.05
1958,1958,0.05
884,884,0.05
1064,1064,0.05
1393,1393,0.05
1600,1600,0.04
951,951,0.04
295,295,0.04
2007,2007,0.04
1017,1017,0.04
1014,1014,0.04
740,740,0.04
828,828,0.04
739,739,0.04
831,831,0.04
1980,1980,0.04
262,262,0.04
966,966,0.04
1736,1736,0.04
265,265,0.04
1871,1871,0.04
1985,1985,0.04
1895,1895,0.04
1594,1594,0.04
836,836,0.04
2046,2046,0.04
974,974,0.04
1866,1866,0.04
1691,1691,0.04
111,111,0.04
1727,1727,0.04
1896,1896,0.04
1141,1141,0.04
793,793,0.04
104,104,0.04
1850,1850,0.04
1884,1884,0.04
1144,1144,0.04
1746,1746,0.04
219,219,0.04
1051,1051,0.04
205,205,0.04
91,91,0.04
2008,2008,0.04
1749,1749,0.04
779,779,0.04
87,87,0.04
1123,1123,0.04
775,775,0.04
927,927,0.04
1119,1119,0.04
199,199,0.04
771,771,0.04
1547,1547,0.04
763,763,0.04
240,240,0.04
241,241,0.04
1620,1620,0.04
1541,1541,0.04
1440,1440,0.04
544,544,0.04
1816,1816,0.04
377,377,0.04
629,629,0.04
1799,1799,0.04
635,635,0.04
1797,1797,0.04
1455,1455,0.04
1822,1822,0.04
1466,1466,0.04
349,349,0.04
542,542,0.04
537,537,0.04
483,483,0.04
1769,1769,0.04
624,624,0.04
379,379,0.04
385,385,0.04
556,556,0.04
1432,1432,0.04
1377,1377,0.04
1779,1779,0.04
562,562,0.04
398,398,0.04
399,399,0.04
405,405,0.04
602,602,0.04
1271,1271,0.04
445,445,0.04
1296,1296,0.04
589,589,0.04
1387,1387,0.04
1489,1489,0.04
1931,1931,0.04
310,310,0.04
1501,1501,0.04
315,315,0.04
485,485,0.04
314,314,0.04
688,688,0.04
1218,1218,0.04
1344,1344,0.04
490,490,0.04
1428,1428,0.03
1375,1375,0.03
614,614,0.03
90,90,0.03
1266,1266,0.03
2006,2006,0.03
1940,1940,0.03
839,839,0.03
390,390,0.03
1658,1658,0.03
459,459,0.03
615,615,0.03
841,841,0.03
1195,1195,0.03
286,286,0.03
1336,1336,0.03
1668,1668,0.03
1193,1193,0.03
378,378,0.03
1903,1903,0.03
1839,1839,0.03
516,516,0.03
1436,1436,0.03
693,693,0.03
1321,1321,0.03
1949,1949,0.03
893,893,0.03
2021,2021,0.03
133,133,0.03
1395,1395,0.03
437,437,0.03
1282,1282,0.03
887,887,0.03
701,701,0.03
2,2,0.03
866,866,0.03
1721,1721,0.03
1062,1062,0.03
707,707,0.03
1411,1411,0.03
1934,1934,0.03
987,987,0.03
568,568,0.03
1852,1852,0.03
447,447,0.03
1604,1604,0.03
416,416,0.03
293,293,0.03
1422,1422,0.03
166,166,0.03
5,5,0.03
308,308,0.03
501,501,0.03
1650,1650,0.03
1369,1369,0.03
1678,1678,0.03
328,328,0.03
658,658,0.03
1555,1555,0.03
1470,1470,0.03
1870,1870,0.03
236,236,0.03
1164,1164,0.03
1831,1831,0.03
1774,1774,0.03
664,664,0.03
238,238,0.03
1992,1992,0.03
1480,1480,0.03
1752,1752,0.03
345,345,0.03
535,535,0.03
39,39,0.03
533,533,0.03
1789,1789,0.03
530,530,0.03
529,529,0.03
258,258,0.03
1341,1341,0.03
735,735,0.03
30,30,0.03
741,741,0.03
1007,1007,0.03
1155,1155,0.03
336,336,0.03
1094,1094,0.03
48,48,0.03
1461,1461,0.03
1872,1872,0.03
273,273,0.03
361,361,0.03
936,936,0.03
1066,1066,0.03
213,213,0.03
1565,1565,0.03
645,645,0.03
795,795,0.03
545,545,0.03
924,924,0.02
106,106,0.02
1877,1877,0.02
2036,2036,0.02
518,518,0.02
886,886,0.02
31,31,0.02
1682,1682,0.02
1293,1293,0.02
65,65,0.02
434,434,0.02
124,124,0.02
1319,1319,0.02
1316,1316,0.02
1709,1709,0.02
78,78,0.02
1325,1325,0.02
88,88,0.02
1859,1859,0.02
947,947,0.02
513,513,0.02
1307,1307,0.02
1717,1717,0.02
539,539,0.02
2041,2041,0.02
69,69,0.02
473,473,0.02
99,99,0.02
1882,1882,0.02
917,917,0.02
502,502,0.02
1856,1856,0.02
1857,1857,0.02
46,46,0.02
1304,1304,0.02
1939,1939,0.02
1623,1623,0.02
1129,1129,0.02
1139,1139,0.02
373,373,0.02
210,210,0.02
633,633,0.02
432,432,0.02
683,683,0.02
1247,1247,0.02
804,804,0.02
1111,1111,0.02
1532,1532,0.02
201,201,0.02
1571,1571,0.02
1116,1116,0.02
727,727,0.02
1572,1572,0.02
193,193,0.02
638,638,0.02
1186,1186,0.02
1447,1447,0.02
646,646,0.02
1225,1225,0.02
752,752,0.02
248,248,0.02
247,247,0.02
1544,1544,0.02
665,665,0.02
1175,1175,0.02
765,765,0.02
674,674,0.02
1553,1553,0.02
1488,1488,0.02
1469,1469,0.02
1468,1468,0.02
226,226,0.02
354,354,0.02
1989,1989,0.02
726,726,0.02
692,692,0.02
382,382,0.02
696,696,0.02
856,856,0.02
152,152,0.02
1517,1517,0.02
2013,2013,0.02
595,595,0.02
861,861,0.02
1845,1845,0.02
425,425,0.02
1609,1609,0.02
590,590,0.02
138,138,0.02
1206,1206,0.02
1402,1402,0.02
1076,1076,0.02
305,305,0.02
1726,1726,0.02
1217,1217,0.02
1990,1990,0.02
1595,1595,0.02
721,721,0.02
1813,1813,0.02
1522,1522,0.02
1196,1196,0.02
1505,1505,0.02
1095,1095,0.02
397,397,0.02
1108,1108,0.02
1087,1087,0.02
1430,1430,0.02
1433,1433,0.02
1590,1590,0.02
1187,1187,0.01
1536,1536,0.01
995,995,0.01
1521,1521,0.01
1520,1520,0.01
1008,1008,0.01
1027,1027,0.01
1180,1180,0.01
1551,1551,0.01
1394,1394,0.01
1078,1078,0.01
1383,1383,0.01
1300,1300,0.01
1601,1601,0.01
1646,1646,0.01
1053,1053,0.01
1379,1379,0.01
1099,1099,0.01
1104,1104,0.01
1261,1261,0.01
1038,1038,0.01
1664,1664,0.01
1115,1115,0.01
1372,1372,0.01
1745,1745,0.01
1367,1367,0.01
1244,1244,0.01
1243,1243,0.01
1242,1242,0.01
1788,1788,0.01
1506,1506,0.01
1704,1704,0.01
842,842,0.01
788,788,0.01
1952,1952,0.01
1938,1938,0.01
2022,2022,0.01
309,309,0.01
234,234,0.01
1876,1876,0.01
592,592,0.01
581,581,0.01
114,114,0.01
460,460,0.01
67,67,0.01
785,785,0.01
1894,1894,0.01
424,424,0.01
912,912,0.01
185,185,0.01
792,792,0.01
1898,1898,0.01
812,812,0.01
269,269,0.01
534,534,0.01
2014,2014,0.01
433,433,0.01
905,905,0.01
553,553,0.01
456,456,0.01
536,536,0.01
800,800,0.01
444,444,0.01
807,807,0.01
616,616,0.01
512,512,0.01
192,192,0.01
363,363,0.01
729,729,0.01
847,847,0.01
495,495,0.01
2005,2005,0.01
733,733,0.01
968,968,0.01
174,174,0.01
393,393,0.01
1945,1945,0.01
1915,1915,0.01
1889,1889,0.01
1869,1869,0.01
863,863,0.01
982,982,0.01
976,976,0.01
677,677,0.01
330,330,0.01
391,391,0.01
755,755,0.01
194,194,0.01
136,136,0.01
280,280,0.01
699,699,0.01
722,722,0.01
1770,1770,0.0
1317,1317,0.0
1941,1941,-0.0
1677,1677,-0.0
829,829,-0.0
813,813,-0.0
1117,1117,-0.0
125,125,-0.0
1342,1342,0.0
523,523,-0.0
1331,1331,-0.0
59,59,0.0
825,825,0.0
1837,1837,-0.0
1492,1492,-0.0
803,803,-0.0
619,619,-0.0
710,710,0.0
297,297,-0.0
1904,1904,-0.0
719,719,-0.0
1229,1229,0.0
94,94,-0.0
282,282,-0.0
742,742,-0.0
744,744,-0.0
745,745,0.0
1241,1241,-0.0
639,639,-0.0
634,634,-0.0
760,760,-0.0
1503,1503,0.0
801,801,-0.0
766,766,0.0
1528,1528,-0.0
768,768,-0.0
1722,1722,0.0
594,594,0.0
1805,1805,0.0
1286,1286,0.0
186,186,0.0
313,313,0.0
555,555,0.0
1767,1767,0.0
552,552,-0.0
549,549,-0.0
1133,1133,-0.0
290,290,-0.0
2031,2031,-0.0
1438,1438,-0.0
890,890,0.0
1443,1443,-0.0
895,895,-0.0
946,946,0.0
1885,1885,0.0
144,144,0.0
1388,1388,0.0
903,903,-0.0
428,428,0.0
1783,1783,0.0
1475,1475,0.0
427,427,0.0
387,387,0.0
1407,1407,-0.0
1550,1550,-0.0
1968,1968,0.0
423,423,-0.0
13,13,-0.0
1351,1351,0.0
1782,1782,0.0
1960,1960,0.0
928,928,-0.0
929,929,-0.0
1961,1961,-0.0
953,953,-0.0
1781,1781,0.0
934,934,0.0
952,952,-0.0
142,142,0.0
940,940,-0.0
1002,1002,-0.0
1072,1072,-0.0
1944,1944,0.0
1998,1998,-0.0
1615,1615,0.0
1089,1089,0.0
244,244,-0.0
1081,1081,-0.0
49,49,0.0
869,869,0.0
1732,1732,-0.0
1452,1452,-0.0
140,140,-0.0
1453,1453,-0.0
969,969,-0.0
1450,1450,-0.0
1449,1449,-0.0
1069,1069,-0.0
4,4,-0.0
3,3,0.0
1598,1598,-0.01
1762,1762,-0.01
303,303,-0.01
621,621,-0.01
1446,1446,-0.01
1814,1814,-0.01
180,180,-0.01
356,356,-0.01
392,392,-0.01
364,364,-0.01
362,362,-0.01
1249,1249,-0.01
1657,1657,-0.01
671,671,-0.01
200,200,-0.01
1919,1919,-0.01
1648,1648,-0.01
195,195,-0.01
347,347,-0.01
376,376,-0.01
1730,1730,-0.01
335,335,-0.01
163,163,-0.01
464,464,-0.01
452,452,-0.01
1742,1742,-0.01
1376,1376,-0.01
1795,1795,-0.01
1324,1324,-0.01
457,457,-0.01
1373,1373,-0.01
1327,1327,-0.01
1927,1927,-0.01
466,466,-0.01
1335,1335,-0.01
1612,1612,-0.01
477,477,-0.01
1359,1359,-0.01
500,500,-0.01
137,137,-0.01
320,320,-0.01
123,123,-0.01
1630,1630,-0.01
332,332,-0.01
1969,1969,-0.01
1808,1808,-0.01
1587,1587,-0.01
1420,1420,-0.01
600,600,-0.01
407,407,-0.01
587,587,-0.01
585,585,-0.01
1410,1410,-0.01
115,115,-0.01
1404,1404,-0.01
116,116,-0.01
149,149,-0.01
120,120,-0.01
1971,1971,-0.01
1811,1811,-0.01
680,680,-0.01
1986,1986,-0.01
865,865,-0.01
1030,1030,-0.01
1833,1833,-0.01
278,278,-0.01
1188,1188,-0.01
808,808,-0.01
1006,1006,-0.01
776,776,-0.01
72,72,-0.01
266,266,-0.01
1022,1022,-0.01
1995,1995,-0.01
959,959,-0.01
253,253,-0.01
1173,1173,-0.01
1531,1531,-0.01
1540,1540,-0.01
1666,1666,-0.01
826,826,-0.01
217,217,-0.01
1110,1110,-0.01
708,708,-0.01
1890,1890,-0.01
777,777,-0.01
1849,1849,-0.01
45,45,-0.01
1055,1055,-0.01
981,981,-0.01
1834,1834,-0.01
877,877,-0.01
1707,1707,-0.01
1130,1130,-0.01
1537,1537,-0.01
718,718,-0.01
1191,1191,-0.01
1034,1034,-0.01
1860,1860,-0.01
214,214,-0.01
524,524,-0.02
818,818,-0.02
797,797,-0.02
1794,1794,-0.02
1137,1137,-0.02
2035,2035,-0.02
817,817,-0.02
1672,1672,-0.02
814,814,-0.02
122,122,-0.02
551,551,-0.02
805,805,-0.02
1628,1628,-0.02
1120,1120,-0.02
1549,1549,-0.02
1629,1629,-0.02
33,33,-0.02
1406,1406,-0.02
810,810,-0.02
538,538,-0.02
799,799,-0.02
215,215,-0.02
1045,1045,-0.02
462,462,-0.02
1362,1362,-0.02
435,435,-0.02
1366,1366,-0.02
1687,1687,-0.02
139,139,-0.02
1071,1071,-0.02
878,878,-0.02
325,325,-0.02
1067,1067,-0.02
880,880,-0.02
2038,2038,-0.02
888,888,-0.02
440,440,-0.02
1851,1851,-0.02
1843,1843,-0.02
849,849,-0.02
1957,1957,-0.02
482,482,-0.02
429,429,-0.02
1791,1791,-0.02
1681,1681,-0.02
1891,1891,-0.02
1893,1893,-0.02
218,218,-0.02
907,907,-0.02
55,55,-0.02
1689,1689,-0.02
503,503,-0.02
1340,1340,-0.02
134,134,-0.02
515,515,-0.02
259,259,-0.02
897,897,-0.02
190,190,-0.02
1902,1902,-0.02
958,958,-0.02
1216,1216,-0.02
1169,1169,-0.02
1260,1260,-0.02
225,225,-0.02
1755,1755,-0.02
302,302,-0.02
1573,1573,-0.02
973,973,-0.02
1252,1252,-0.02
631,631,-0.02
1448,1448,-0.02
971,971,-0.02
613,613,-0.02
223,223,-0.02
1965,1965,-0.02
1523,1523,-0.02
351,351,-0.02
1005,1005,-0.02
651,651,-0.02
730,730,-0.02
1004,1004,-0.02
657,657,-0.02
89,89,-0.02
720,720,-0.02
667,667,-0.02
1228,1228,-0.02
2003,2003,-0.02
1167,1167,-0.02
1267,1267,-0.02
63,63,-0.02
1801,1801,-0.02
921,921,-0.02
1057,1057,-0.02
1863,1863,-0.02
413,413,-0.02
68,68,-0.02
77,77,-0.02
338,338,-0.02
82,82,-0.02
1900,1900,-0.02
1638,1638,-0.02
1156,1156,-0.02
1421,1421,-0.02
599,599,-0.02
1026,1026,-0.02
17,17,-0.02
1832,1832,-0.02
16,16,-0.02
170,170,-0.02
357,357,-0.02
604,604,-0.02
1642,1642,-0.02
1457,1457,-0.03
1773,1773,-0.03
902,902,-0.03
994,994,-0.03
990,990,-0.03
436,436,-0.03
919,919,-0.03
1050,1050,-0.03
908,908,-0.03
182,182,-0.03
420,420,-0.03
1552,1552,-0.03
233,233,-0.03
237,237,-0.03
1018,1018,-0.03
2040,2040,-0.03
1013,1013,-0.03
1001,1001,-0.03
1738,1738,-0.03
388,388,-0.03
21,21,-0.03
1047,1047,-0.03
1011,1011,-0.03
374,374,-0.03
965,965,-0.03
337,337,-0.03
1207,1207,-0.03
1384,1384,-0.03
757,757,-0.03
311,311,-0.03
773,773,-0.03
892,892,-0.03
1276,1276,-0.03
277,277,-0.03
1163,1163,-0.03
1168,1168,-0.03
618,618,-0.03
1526,1526,-0.03
1923,1923,-0.03
1255,1255,-0.03
623,623,-0.03
1826,1826,-0.03
71,71,-0.03
640,640,-0.03
1288,1288,-0.03
642,642,-0.03
1184,1184,-0.03
654,654,-0.03
662,662,-0.03
2030,2030,-0.03
1197,1197,-0.03
1741,1741,-0.03
1913,1913,-0.03
694,694,-0.03
1654,1654,-0.03
1824,1824,-0.03
292,292,-0.03
695,695,-0.03
1713,1713,-0.03
778,778,-0.03
772,772,-0.03
188,188,-0.03
1323,1323,-0.03
1951,1951,-0.03
883,883,-0.03
874,874,-0.03
873,873,-0.03
471,471,-0.03
1482,1482,-0.03
1090,1090,-0.03
1790,1790,-0.03
1618,1618,-0.03
838,838,-0.03
837,837,-0.03
580,580,-0.03
820,820,-0.03
1740,1740,-0.03
1974,1974,-0.03
546,546,-0.03
781,781,-0.03
1496,1496,-0.03
1494,1494,-0.03
319,319,-0.03
1145,1145,-0.03
1725,1725,-0.03
565,565,-0.03
268,268,-0.03
1759,1759,-0.04
235,235,-0.04
1977,1977,-0.04
1581,1581,-0.04
1763,1763,-0.04
1513,1513,-0.04
189,189,-0.04
287,287,-0.04
204,204,-0.04
334,334,-0.04
243,243,-0.04
1476,1476,-0.04
1563,1563,-0.04
300,300,-0.04
181,181,-0.04
1561,1561,-0.04
1458,1458,-0.04
1643,1643,-0.04
62,62,-0.04
770,770,-0.04
767,767,-0.04
1165,1165,-0.04
762,762,-0.04
761,761,-0.04
1829,1829,-0.04
747,747,-0.04
1198,1198,-0.04
1200,1200,-0.04
1908,1908,-0.04
1213,1213,-0.04
1214,1214,-0.04
685,685,-0.04
1219,1219,-0.04
684,684,-0.04
681,681,-0.04
644,644,-0.04
96,96,-0.04
796,796,-0.04
798,798,-0.04
1711,1711,-0.04
1044,1044,-0.04
1703,1703,-0.04
967,967,-0.04
1699,1699,-0.04
1028,1028,-0.04
1031,1031,-0.04
918,918,-0.04
26,26,-0.04
1040,1040,-0.04
872,872,-0.04
1122,1122,-0.04
52,52,-0.04
1842,1842,-0.04
1097,1097,-0.04
1679,1679,-0.04
1105,1105,-0.04
822,822,-0.04
1112,1112,-0.04
1675,1675,-0.04
1254,1254,-0.04
636,636,-0.04
1262,1262,-0.04
1933,1933,-0.04
1429,1429,-0.04
522,522,-0.04
1423,1423,-0.04
401,401,-0.04
2019,2019,-0.04
478,478,-0.04
1363,1363,-0.04
1786,1786,-0.04
161,161,-0.04
1608,1608,-0.04
1389,1389,-0.04
438,438,-0.04
1399,1399,-0.04
1400,1400,-0.04
1401,1401,-0.04
525,525,-0.04
543,543,-0.04
593,593,-0.04
1804,1804,-0.04
360,360,-0.04
367,367,-0.04
611,611,-0.04
224,224,-0.04
1274,1274,-0.04
1434,1434,-0.04
417,417,-0.04
577,577,-0.04
576,576,-0.04
1294,1294,-0.04
571,571,-0.04
1636,1636,-0.04
32,32,-0.05
20,20,-0.05
1596,1596,-0.05
1603,1603,-0.05
1597,1597,-0.05
153,153,-0.05
206,206,-0.05
56,56,-0.05
1674,1674,-0.05
2026,2026,-0.05
2001,2001,-0.05
128,128,-0.05
2023,2023,-0.05
1724,1724,-0.05
74,74,-0.05
109,109,-0.05
2004,2004,-0.05
2027,2027,-0.05
1720,1720,-0.05
493,493,-0.05
2047,2047,-0.05
1403,1403,-0.05
1204,1204,-0.05
1121,1121,-0.05
1113,1113,-0.05
449,449,-0.05
446,446,-0.05
1386,1386,-0.05
1232,1232,-0.05
1414,1414,-0.05
563,563,-0.05
410,410,-0.05
1102,1102,-0.05
1100,1100,-0.05
1778,1778,-0.05
372,372,-0.05
370,370,-0.05
1836,1836,-0.05
738,738,-0.05
481,481,-0.05
1356,1356,-0.05
489,489,-0.05
1136,1136,-0.05
1348,1348,-0.05
1792,1792,-0.05
508,508,-0.05
517,517,-0.05
1147,1147,-0.05
1298,1298,-0.05
566,566,-0.05
1171,1171,-0.05
547,547,-0.05
1311,1311,-0.05
1935,1935,-0.05
1441,1441,-0.05
1777,1777,-0.05
365,365,-0.05
632,632,-0.05
1036,1036,-0.05
1,1,-0.05
1019,1019,-0.05
1758,1758,-0.05
954,954,-0.05
1979,1979,-0.05
272,272,-0.05
1498,1498,-0.05
1534,1534,-0.05
962,962,-0.05
260,260,-0.05
246,246,-0.05
1215,1215,-0.05
1865,1865,-0.05
840,840,-0.05
915,915,-0.05
1921,1921,-0.05
1881,1881,-0.05
1092,1092,-0.05
355,355,-0.05
1887,1887,-0.05
1880,1880,-0.05
1472,1472,-0.05
1815,1815,-0.05
622,622,-0.05
323,323,-0.05
1211,1211,-0.06
73,73,-0.06
1906,1906,-0.06
1210,1210,-0.06
709,709,-0.06
80,80,-0.06
84,84,-0.06
748,748,-0.06
1560,1560,-0.06
759,759,-0.06
1151,1151,-0.06
1864,1864,-0.06
975,975,-0.06
955,955,-0.06
1041,1041,-0.06
1048,1048,-0.06
37,37,-0.06
41,41,-0.06
1073,1073,-0.06
868,868,-0.06
1705,1705,-0.06
832,832,-0.06
1840,1840,-0.06
1135,1135,-0.06
790,790,-0.06
783,783,-0.06
669,669,-0.06
564,564,-0.06
2028,2028,-0.06
312,312,-0.06
394,394,-0.06
1459,1459,-0.06
1460,1460,-0.06
1465,1465,-0.06
350,350,-0.06
340,340,-0.06
1481,1481,-0.06
1485,1485,-0.06
326,326,-0.06
1582,1582,-0.06
1579,1579,-0.06
1396,1396,-0.06
307,307,-0.06
301,301,-0.06
1507,1507,-0.06
1509,1509,-0.06
1515,1515,-0.06
288,288,-0.06
261,261,-0.06
245,245,-0.06
1751,1751,-0.06
228,228,-0.06
653,653,-0.06
1424,1424,-0.06
985,985,-0.06
1309,1309,-0.06
601,601,-0.06
112,112,-0.06
1275,1275,-0.06
1930,1930,-0.06
1292,1292,-0.06
570,570,-0.06
1370,1370,-0.06
1558,1558,-0.06
1313,1313,-0.06
1326,1326,-0.06
1330,1330,-0.06
509,509,-0.06
491,491,-0.06
1819,1819,-0.06
470,470,-0.06
467,467,-0.06
1368,1368,-0.06
606,606,-0.06
1861,1861,-0.07
1818,1818,-0.07
1716,1716,-0.07
1959,1959,-0.07
1875,1875,-0.07
1798,1798,-0.07
1775,1775,-0.07
1723,1723,-0.07
0,0,-0.07
926,926,-0.07
368,368,-0.07
579,579,-0.07
584,584,-0.07
591,591,-0.07
1360,1360,-0.07
630,630,-0.07
678,678,-0.07
1539,1539,-0.07
706,706,-0.07
782,782,-0.07
857,857,-0.07
899,899,-0.07
904,904,-0.07
923,923,-0.07
1021,1021,-0.07
1084,1084,-0.07
1091,1091,-0.07
1174,1174,-0.07
1463,1463,-0.07
1176,1176,-0.07
1259,1259,-0.07
1273,1273,-0.07
1280,1280,-0.07
1353,1353,-0.07
505,505,-0.07
1354,1354,-0.07
42,42,-0.07
1696,1696,-0.07
291,291,-0.07
127,127,-0.07
1685,1685,-0.07
157,157,-0.07
1627,1627,-0.07
275,275,-0.07
1673,1673,-0.07
1058,1058,-0.08
118,118,-0.08
1080,1080,-0.08
294,294,-0.08
1043,1043,-0.08
1029,1029,-0.08
145,145,-0.08
1103,1103,-0.08
1828,1828,-0.08
1830,1830,-0.08
98,98,-0.08
2029,2029,-0.08
979,979,-0.08
61,61,-0.08
1201,1201,-0.08
1250,1250,-0.08
1277,1277,-0.08
1308,1308,-0.08
1796,1796,-0.08
996,996,-0.08
922,922,-0.08
1701,1701,-0.08
1994,1994,-0.08
1966,1966,-0.08
1962,1962,-0.08
431,431,-0.08
1956,1956,-0.08
487,487,-0.08
1981,1981,-0.08
254,254,-0.08
588,588,-0.08
232,232,-0.08
1924,1924,-0.08
231,231,-0.08
2016,2016,-0.08
643,643,-0.08
670,670,-0.08
682,682,-0.08
196,196,-0.08
183,183,-0.08
179,179,-0.08
823,823,-0.08
159,159,-0.08
2012,2012,-0.08
331,331,-0.08
625,625,-0.08
1706,1706,-0.08
1525,1525,-0.08
1514,1514,-0.08
1502,1502,-0.08
1653,1653,-0.08
1512,1512,-0.08
1516,1516,-0.08
1543,1543,-0.08
1613,1613,-0.09
1953,1953,-0.09
1614,1614,-0.09
1143,1143,-0.09
1548,1548,-0.09
1771,1771,-0.09
270,270,-0.09
1575,1575,-0.09
881,881,-0.09
1474,1474,-0.09
1827,1827,-0.09
572,572,-0.09
1508,1508,-0.09
1194,1194,-0.09
1484,1484,-0.09
439,439,-0.09
933,933,-0.09
1739,1739,-0.09
1077,1077,-0.09
1065,1065,-0.09
333,333,-0.09
1046,1046,-0.09
408,408,-0.09
949,949,-0.09
1606,1606,-0.09
403,403,-0.09
972,972,-0.09
980,980,-0.09
1444,1444,-0.09
862,862,-0.09
150,150,-0.09
12,12,-0.09
15,15,-0.09
51,51,-0.09
697,697,-0.09
75,75,-0.09
1290,1290,-0.09
1398,1398,-0.09
1810,1810,-0.09
1652,1652,-0.09
1265,1265,-0.09
1365,1365,-0.09
1764,1764,-0.09
1897,1897,-0.09
175,175,-0.09
222,222,-0.09
1240,1240,-0.09
169,169,-0.09
843,843,-0.1
1556,1556,-0.1
978,978,-0.1
871,871,-0.1
963,963,-0.1
1910,1910,-0.1
845,845,-0.1
844,844,-0.1
1943,1943,-0.1
705,705,-0.1
1535,1535,-0.1
715,715,-0.1
941,941,-0.1
717,717,-0.1
749,749,-0.1
1757,1757,-0.1
620,620,-0.1
442,442,-0.1
714,714,-0.1
1364,1364,-0.1
1838,1838,-0.1
1106,1106,-0.1
1238,1238,-0.1
110,110,-0.1
1633,1633,-0.1
1202,1202,-0.1
1802,1802,-0.1
998,998,-0.1
105,105,-0.1
1729,1729,-0.1
1149,1149,-0.1
2020,2020,-0.1
1125,1125,-0.1
1412,1412,-0.1
299,299,-0.1
1487,1487,-0.1
999,999,-0.1
1497,1497,-0.1
1605,1605,-0.1
339,339,-0.1
316,316,-0.1
1491,1491,-0.1
1973,1973,-0.1
1846,1846,-0.1
19,19,-0.11
93,93,-0.11
85,85,-0.11
81,81,-0.11
660,660,-0.11
8,8,-0.11
1665,1665,-0.11
126,126,-0.11
1922,1922,-0.11
381,381,-0.11
1619,1619,-0.11
172,172,-0.11
177,177,-0.11
1569,1569,-0.11
1639,1639,-0.11
1744,1744,-0.11
1996,1996,-0.11
251,251,-0.11
274,274,-0.11
554,554,-0.11
276,276,-0.11
454,454,-0.11
414,414,-0.11
380,380,-0.11
1611,1611,-0.11
649,649,-0.11
1042,1042,-0.11
1256,1256,-0.11
1392,1392,-0.11
914,914,-0.11
1161,1161,-0.11
1226,1226,-0.11
1346,1346,-0.11
1760,1760,-0.11
1128,1128,-0.11
882,882,-0.11
937,937,-0.11
1328,1328,-0.11
1426,1426,-0.11
1257,1257,-0.11
948,948,-0.11
1083,1083,-0.11
1500,1500,-0.11
1272,1272,-0.11
1060,1060,-0.11
1479,1479,-0.11
1483,1483,-0.12
1660,1660,-0.12
932,932,-0.12
1312,1312,-0.12
448,448,-0.12
1035,1035,-0.12
451,451,-0.12
321,321,-0.12
1037,1037,-0.12
1297,1297,-0.12
9,9,-0.12
1911,1911,-0.12
737,737,-0.12
1425,1425,-0.12
1780,1780,-0.12
164,164,-0.12
1925,1925,-0.12
608,608,-0.12
898,898,-0.12
1239,1239,-0.12
1283,1283,-0.12
1621,1621,-0.12
1343,1343,-0.12
492,492,-0.12
184,184,-0.13
1236,1236,-0.13
342,342,-0.13
279,279,-0.13
1728,1728,-0.13
1651,1651,-0.13
1085,1085,-0.13
256,256,-0.13
1166,1166,-0.13
146,146,-0.13
252,252,-0.13
1024,1024,-0.13
2018,2018,-0.13
426,426,-0.13
514,514,-0.13
550,550,-0.13
44,44,-0.13
1378,1378,-0.13
1948,1948,-0.13
1570,1570,-0.13
833,833,-0.13
1761,1761,-0.13
1599,1599,-0.13
7,7,-0.13
970,970,-0.13
6,6,-0.13
1315,1315,-0.13
344,344,-0.13
1645,1645,-0.14
794,794,-0.14
519,519,-0.14
1562,1562,-0.14
610,610,-0.14
1892,1892,-0.14
753,753,-0.14
130,130,-0.14
1809,1809,-0.14
540,540,-0.14
1655,1655,-0.14
1656,1656,-0.14
1314,1314,-0.14
135,135,-0.14
1737,1737,-0.14
939,939,-0.14
1733,1733,-0.14
673,673,-0.14
227,227,-0.15
1641,1641,-0.15
1082,1082,-0.15
1564,1564,-0.15
151,151,-0.15
284,284,-0.15
1431,1431,-0.15
1616,1616,-0.15
453,453,-0.15
458,458,-0.15
60,60,-0.15
1942,1942,-0.15
1592,1592,-0.15
1714,1714,-0.16
2032,2032,-0.16
691,691,-0.16
1126,1126,-0.16
988,988,-0.16
1456,1456,-0.16
1883,1883,-0.16
239,239,-0.16
1154,1154,-0.16
900,900,-0.16
1593,1593,-0.16
1557,1557,-0.17
2043,2043,-0.17
496,496,-0.17
463,463,-0.17
1768,1768,-0.17
298,298,-0.17
1397,1397,-0.17
1289,1289,-0.17
479,479,-0.18
1322,1322,-0.18
1684,1684,-0.18
296,296,-0.18
343,343,-0.19
1635,1635,-0.19
1585,1585,-0.19
780,780,-0.19
147,147,-0.19
207,207,-0.21
1223,1223,-0.23
548,548,-0.25
